City,Country,Date,Latitude,Longitude,Temperature,Humidity,Cloudiness,Wind_speed
Vaini,IN,2019-10-22 17:45:21,15.34,74.49,68.49,98,98,3.15
Biak,ID,2019-10-22 17:45:21,-0.91,122.88,80.22,75,19,14.56
Kapaa,US,2019-10-22 17:45:21,22.08,-159.32,78.8,83,40,14.99
Lorengau,PG,2019-10-22 17:45:22,-2.02,147.27,83.86,73,95,7.63
Verkhoyansk,RU,2019-10-22 17:45:22,67.55,133.39,1.9,86,82,0.78
Punta Arenas,CL,2019-10-22 17:45:22,-53.16,-70.91,53.6,55,75,27.51
Rikitea,PF,2019-10-22 17:45:22,-23.12,-134.97,69.89,83,100,20.49
Fuyang,CN,2019-10-22 17:45:23,32.89,115.81,64.06,56,100,4.52
Khatanga,RU,2019-10-22 17:45:23,71.98,102.47,9.46,92,78,9.24
Cidreira,BR,2019-10-22 17:45:23,-30.17,-50.22,64.81,76,42,15.86
Nishihara,JP,2019-10-22 17:45:23,35.74,139.53,61.0,87,20,5.82
Hilo,US,2019-10-22 17:40:39,19.71,-155.08,77.0,78,90,5.14
Bubaque,GW,2019-10-22 17:45:24,11.28,-15.83,82.54,77,13,14.79
Albany,US,2019-10-22 17:44:58,42.65,-73.75,60.01,62,90,8.05
Butaritari,KI,2019-10-22 17:45:24,3.07,172.79,83.7,76,88,14.92
Longyearbyen,NO,2019-10-22 17:45:24,78.22,15.63,15.8,61,75,11.41
Mataura,NZ,2019-10-22 17:45:25,-46.19,168.86,43.0,81,68,11.01
Castro,CL,2019-10-22 17:45:25,-42.48,-73.76,53.6,62,75,14.99
Souillac,FR,2019-10-22 17:45:25,45.6,-0.6,57.2,82,100,12.75
Dikson,RU,2019-10-22 17:45:25,73.51,80.55,17.92,87,100,24.23
Chuy,UY,2019-10-22 17:45:25,-33.69,-53.46,67.87,61,0,9.19
Vieques,PR,2019-10-22 17:45:26,18.43,-65.83,89.01,70,40,11.41
Stetseva,UA,2019-10-22 17:45:26,48.53,25.57,59.0,100,90,6.71
Jamestown,AU,2019-10-22 17:44:41,-33.21,138.6,60.31,30,1,7.25
Bredasdorp,ZA,2019-10-22 17:45:26,-34.53,20.04,61.0,62,53,9.17
Tarata,PE,2019-10-22 17:45:26,-17.47,-70.03,69.8,52,0,5.82
Keti Bandar,PK,2019-10-22 17:45:27,24.14,67.45,83.91,56,100,3.22
Flinders,AU,2019-10-22 17:45:27,-34.58,150.85,57.0,93,75,6.6
Katsuura,JP,2019-10-22 17:45:27,33.93,134.5,60.8,87,20,8.05
Esperance,AU,2019-10-22 17:45:27,-33.86,121.89,53.6,93,1,9.17
Hobart,AU,2019-10-22 17:41:22,-42.88,147.33,55.4,66,98,9.17
Leningradskiy,RU,2019-10-22 17:45:27,69.38,178.42,22.8,87,78,16.02
Harper,US,2019-10-22 17:45:28,30.3,-99.24,79.0,13,1,3.36
Gamba,CN,2019-10-22 17:45:28,28.28,88.52,30.65,69,61,2.28
Half Moon Bay,US,2019-10-22 17:45:28,37.46,-122.43,79.0,68,1,6.08
Yellowknife,CA,2019-10-22 17:45:29,62.45,-114.38,33.01,90,75,4.7
Barrow,AR,2019-10-22 17:45:30,-38.31,-60.23,51.8,73,100,18.59
Kysyl-Syr,RU,2019-10-22 17:45:30,63.9,122.77,17.35,93,66,4.74
Puerto Ayora,EC,2019-10-22 17:45:30,-0.74,-90.35,78.8,61,75,14.99
Cape Town,ZA,2019-10-22 17:45:30,-33.93,18.42,63.0,72,20,18.34
Atherton,AU,2019-10-22 17:45:30,-17.27,145.48,71.6,83,75,11.41
Saint Anthony,US,2019-10-22 17:45:31,43.97,-111.68,44.01,70,90,14.99
Arraial do Cabo,BR,2019-10-22 17:45:31,-22.97,-42.02,78.8,69,75,5.82
Mar del Plata,AR,2019-10-22 17:45:31,-46.43,-67.52,54.88,39,0,11.99
Oussouye,SN,2019-10-22 17:45:31,12.49,-16.54,91.4,70,20,9.17
Hermanus,ZA,2019-10-22 17:45:31,-34.42,19.24,62.01,69,45,4.0
Karabash,RU,2019-10-22 17:45:32,55.49,60.21,35.24,85,93,14.99
Westport,US,2019-10-22 17:45:32,41.14,-73.36,61.0,87,90,10.29
Eureka,US,2019-10-22 17:44:25,40.8,-124.16,55.99,87,75,4.7
Moultonborough,US,2019-10-22 17:45:32,43.76,-71.4,59.0,58,1,9.17
Ushuaia,AR,2019-10-22 17:45:32,-54.81,-68.31,57.2,79,75,13.87
Geraldton,CA,2019-10-22 17:45:32,49.72,-86.95,46.4,93,90,9.17
Rosignol,GY,2019-10-22 17:45:34,6.28,-57.53,83.05,74,48,10.63
Beoumi,CI,2019-10-22 17:45:34,7.67,-5.58,84.2,66,40,4.7
East London,ZA,2019-10-22 17:45:34,-33.02,27.91,59.0,72,20,13.87
Tuktoyaktuk,CA,2019-10-22 17:45:34,69.44,-133.03,19.4,92,90,8.05
Hofn,IS,2019-10-22 17:45:34,64.25,-15.21,37.45,75,100,34.02
Whitehorse,CA,2019-10-22 17:40:58,60.72,-135.06,14.0,92,75,3.36
Requena,ES,2019-10-22 17:45:35,39.49,-1.1,57.99,76,40,9.17
Gizo,IL,2019-10-22 17:45:35,31.8,34.94,77.0,53,28,6.93
Hailey,US,2019-10-22 17:45:35,43.52,-114.32,45.0,70,40,4.94
Port Alfred,ZA,2019-10-22 17:45:35,-33.59,26.89,62.01,74,91,8.99
Mount Gambier,AU,2019-10-22 17:41:49,-37.83,140.78,44.6,87,0,4.09
Dingle,PH,2019-10-22 17:45:38,11.0,122.67,74.17,88,44,4.99
Mahebourg,MU,2019-10-22 17:45:38,-20.41,57.7,75.2,83,40,2.24
Mangrol,IN,2019-10-22 17:45:38,25.33,76.51,75.11,33,95,5.08
Diego de Almagro,CL,2019-10-22 17:45:38,-26.39,-70.05,78.87,15,98,13.31
Hasaki,JP,2019-10-22 17:45:38,35.73,140.83,60.8,82,75,12.75
Lompoc,US,2019-10-22 17:42:34,34.64,-120.46,84.99,35,1,5.82
Port Elizabeth,US,2019-10-22 17:45:39,39.31,-74.98,66.99,93,90,8.05
Atuona,PF,2019-10-22 17:45:39,-9.8,-139.03,78.85,72,0,12.24
Port Augusta,AU,2019-10-22 17:45:39,-32.49,137.76,63.0,46,5,3.36
Ahipara,NZ,2019-10-22 17:45:39,-35.17,173.16,51.01,100,98,32.44
Atambua,ID,2019-10-22 17:45:40,-9.11,124.89,68.81,67,61,3.62
Cherskiy,RU,2019-10-22 17:45:40,68.75,161.3,4.08,85,98,10.51
Terra Boa,BR,2019-10-22 17:45:40,-23.77,-52.45,84.99,53,20,4.7
Key Largo,US,2019-10-22 17:45:34,25.09,-80.45,90.0,70,40,10.29
Makakilo City,US,2019-10-22 17:43:17,21.35,-158.09,80.6,83,1,4.7
Umm Kaddadah,SD,2019-10-22 17:45:40,13.6,26.69,91.96,31,75,11.45
New Norfolk,AU,2019-10-22 17:45:40,-42.78,147.06,55.4,66,98,9.17
Merauke,ID,2019-10-22 17:45:41,-8.49,140.4,76.77,79,94,8.25
Nome,US,2019-10-22 17:45:41,30.04,-94.42,78.8,26,1,8.05
Lusaka,ZM,2019-10-22 17:45:41,-15.42,28.28,80.58,17,58,8.21
Seoul,KR,2019-10-22 17:45:41,37.57,126.98,59.0,100,1,4.7
Novikovo,RU,2019-10-22 17:45:41,51.15,37.89,52.92,86,100,3.31
Sambava,MG,2019-10-22 17:45:41,-14.27,50.17,72.27,97,31,1.1
Dimbokro,CI,2019-10-22 17:45:42,6.65,-4.7,79.25,84,94,2.75
Busselton,AU,2019-10-22 17:45:42,-33.64,115.35,55.0,70,6,9.8
Avarua,CK,2019-10-22 17:45:42,-21.21,-159.78,75.2,94,13,1.12
Boa Vista,BR,2019-10-22 17:45:42,2.82,-60.67,87.8,55,75,10.29
Nikolskoye,RU,2019-10-22 17:45:42,59.7,30.79,52.0,87,90,11.18
Azle,US,2019-10-22 17:45:43,32.9,-97.55,72.0,22,1,8.05
Norman Wells,CA,2019-10-22 17:45:43,65.28,-126.83,23.0,100,90,1.7
Carnarvon,ZA,2019-10-22 17:45:43,-30.97,22.13,67.17,15,68,22.12
Bambous Virieux,MU,2019-10-22 17:45:43,-20.34,57.76,75.2,83,40,2.24
Mattru,SL,2019-10-22 17:45:43,7.62,-11.83,80.2,83,86,4.03
Saint-Philippe,CA,2019-10-22 17:45:43,45.36,-73.48,63.0,51,1,10.29
Kamenka,MD,2019-10-22 17:45:44,48.03,28.7,53.01,93,35,4.18
Vardo,US,2019-10-22 17:45:44,39.62,-77.74,60.01,87,90,10.29
Porto Novo,BR,2019-10-22 17:45:44,-23.68,-45.44,78.8,50,75,4.7
Ponta do Sol,BR,2019-10-22 17:45:44,-20.63,-46.0,82.4,48,61,10.18
Ilo,PE,2019-10-22 17:45:44,-17.65,-71.34,68.0,77,40,9.17
Grindavik,IS,2019-10-22 17:45:45,63.84,-22.43,35.6,59,75,20.8
Bluff,AU,2019-10-22 17:45:45,-23.58,149.07,62.47,80,0,10.83
Gemena,CD,2019-10-22 17:45:45,3.25,19.78,76.66,79,91,2.75
Gazli,UZ,2019-10-22 17:45:45,40.13,63.45,57.07,29,0,12.44
Chokurdakh,RU,2019-10-22 17:45:45,70.62,147.9,5.77,93,88,7.96
Port Hedland,AU,2019-10-22 17:45:46,-20.31,118.58,84.2,54,91,14.99
San Patricio,PY,2019-10-22 17:45:46,-26.98,-56.83,76.82,41,0,7.07
Yumen,CN,2019-10-22 17:45:46,40.29,97.04,38.93,35,100,9.91
Broome,GB,2019-10-22 17:45:46,52.47,1.45,52.0,81,75,2.24
Tasiilaq,GL,2019-10-22 17:45:46,65.61,-37.64,26.6,68,20,1.12
Irbeyskoye,RU,2019-10-22 17:45:47,55.64,95.45,25.21,64,100,1.92
Kuchaman,IN,2019-10-22 17:43:13,27.15,74.86,75.52,24,27,4.32
Esfahan,IR,2019-10-22 17:41:15,32.66,51.68,55.4,66,40,4.7
Semey,KZ,2019-10-22 17:45:47,50.41,80.25,23.04,76,56,9.26
Vallenar,CL,2019-10-22 17:45:47,-28.58,-70.76,65.97,50,100,12.62
Huilong,CN,2019-10-22 17:45:47,31.15,106.5,61.07,88,97,4.34
Airai,TL,2019-10-22 17:45:48,-8.93,125.41,64.31,42,40,5.12
Atar,MR,2019-10-22 17:45:48,20.52,-13.05,86.83,21,42,12.95
Denpasar,ID,2019-10-22 17:41:40,-8.65,115.22,80.6,88,40,3.36
Fortuna,US,2019-10-22 17:45:48,40.6,-124.16,63.0,82,20,4.7
Lata,IN,2019-10-22 17:45:48,30.78,78.62,25.21,68,0,1.97
Fairbanks,US,2019-10-22 17:45:49,64.84,-147.72,28.4,74,75,2.24
Lebu,ET,2019-10-22 17:45:49,8.96,38.73,52.02,75,38,5.21
Georgetown,GY,2019-10-22 17:45:49,6.8,-58.16,86.0,74,75,6.93
Ayan,IR,2019-10-22 17:45:50,38.23,44.7,41.67,90,100,2.33
Placido de Castro,BR,2019-10-22 17:45:50,-10.34,-67.19,84.02,61,98,3.38
Buraydah,SA,2019-10-22 17:45:50,26.33,43.97,82.4,28,40,2.24
Abeche,TD,2019-10-22 17:45:50,13.83,20.83,90.59,27,41,6.6
Abu Samrah,SY,2019-10-22 17:45:50,35.3,37.18,72.91,38,21,6.55
Maniitsoq,GL,2019-10-22 17:45:51,65.42,-52.9,34.65,42,87,7.56
Ilebo,CD,2019-10-22 17:45:51,-4.33,20.59,71.11,97,91,1.81
Manado,ID,2019-10-22 17:45:29,1.49,124.85,75.2,100,40,2.24
Pacific Grove,US,2019-10-22 17:45:51,36.62,-121.92,75.99,45,0,18.41
Saskylakh,RU,2019-10-22 17:45:51,71.97,114.09,7.57,91,3,9.28
Chala,TZ,2019-10-22 17:45:52,-7.6,31.27,78.3,58,81,1.61
Mahibadhoo,MV,2019-10-22 17:45:52,3.78,72.97,82.6,73,100,8.61
Bajil,ES,2019-10-22 17:45:52,38.23,-2.07,46.0,92,100,1.01
Belyy Yar,RU,2019-10-22 17:45:52,53.6,91.39,21.2,85,100,4.47
San Quintin,PH,2019-10-22 17:45:52,17.54,120.52,71.96,92,37,3.38
Kokopo,PG,2019-10-22 17:45:52,-4.34,152.27,81.55,80,96,17.67
Tiksi,RU,2019-10-22 17:45:53,71.64,128.87,0.79,89,46,8.32
Bahia Blanca,AR,2019-10-22 17:45:53,-38.72,-62.27,57.58,51,23,24.05
Aklavik,CA,2019-10-22 17:45:53,68.22,-135.01,19.4,92,90,3.36
Raisinghnagar,IN,2019-10-22 17:45:53,29.54,73.45,79.97,16,0,8.39
Sao Jose da Coroa Grande,BR,2019-10-22 17:45:53,-8.9,-35.15,78.08,76,26,17.09
Bull Savanna,JM,2019-10-22 17:45:53,17.89,-77.59,85.66,57,46,6.38
Nandura,IN,2019-10-22 17:45:54,20.83,76.46,71.56,92,94,2.57
Kiboga,UG,2019-10-22 17:45:54,0.92,31.77,67.1,95,76,4.03
Mitu,IR,2019-10-22 17:45:54,36.2,46.09,49.01,86,61,6.73
Kaitangata,NZ,2019-10-22 17:45:54,-46.28,169.85,45.68,67,70,26.35
Vao,EE,2019-10-22 17:45:54,59.1,26.19,50.32,85,100,13.0
Itupiranga,BR,2019-10-22 17:45:55,-5.13,-49.33,78.8,83,75,4.7
Victoria,BN,2019-10-22 17:41:45,5.28,115.24,80.6,94,75,3.36
Bolu,TR,2019-10-22 17:45:55,40.73,31.61,50.7,94,12,6.78
Green River,US,2019-10-22 17:45:55,41.53,-109.47,46.0,69,90,21.92
Qaanaaq,GL,2019-10-22 17:45:56,77.48,-69.36,9.32,43,71,9.53
Pevek,RU,2019-10-22 17:45:56,69.7,170.27,20.61,87,100,3.15
Beloha,MG,2019-10-22 17:45:56,-25.17,45.06,71.8,72,44,13.71
Ilulissat,GL,2019-10-22 17:45:56,69.22,-51.1,24.8,35,75,5.82
Esmeralda,CL,2019-10-22 17:45:56,-34.33,-70.9,77.0,23,0,10.29
Bani Walid,LY,2019-10-22 17:45:57,31.76,14.0,72.72,49,0,13.47
Zelenets,RU,2019-10-22 17:45:57,53.83,48.02,46.24,77,99,6.15
Asekeyevo,RU,2019-10-22 17:45:57,53.57,52.8,44.76,85,98,4.41
Zhaozhou,CN,2019-10-22 17:45:57,45.71,125.27,43.88,49,0,6.78
Sao Filipe,CV,2019-10-22 17:45:57,14.9,-24.5,75.94,76,0,24.29
Namatanai,PG,2019-10-22 17:45:57,-3.66,152.44,82.44,72,97,6.91
Bonavista,CA,2019-10-22 17:45:58,48.65,-53.11,43.0,88,100,7.0
Talnakh,RU,2019-10-22 17:45:58,69.49,88.39,15.8,78,100,24.61
Banyo,CM,2019-10-22 17:45:58,6.75,11.81,69.12,90,73,3.42
Salalah,OM,2019-10-22 17:45:58,17.01,54.1,86.0,45,7,3.36
Raub,MY,2019-10-22 17:45:58,3.79,101.85,71.8,97,90,0.43
Poso,ID,2019-10-22 17:45:59,-1.4,120.75,65.34,42,51,6.24
Viedma,AR,2019-10-22 17:45:59,-40.81,-62.99,55.56,68,97,19.24
Saint George,GR,2019-10-22 17:45:59,39.45,22.34,66.2,67,0,5.82
Betsiamites,CA,2019-10-22 17:45:59,48.94,-68.65,44.6,87,1,16.11
Awjilah,LY,2019-10-22 17:45:59,29.14,21.3,74.25,43,6,7.25
Balkhash,KZ,2019-10-22 17:46:00,46.84,74.98,32.09,34,14,6.96
Hella,BF,2019-10-22 17:46:00,10.47,-3.27,81.54,70,49,3.18
Wajid,SO,2019-10-22 17:46:00,3.81,43.25,83.07,62,62,1.01
Abha,SA,2019-10-22 17:46:00,18.22,42.5,66.2,82,14,8.05
Urdoma,RU,2019-10-22 17:46:00,61.74,48.55,32.22,82,100,8.86
Grand Gaube,MU,2019-10-22 17:46:01,-20.01,57.66,75.2,83,40,2.24
Chicama,PE,2019-10-22 17:46:01,-7.84,-79.15,66.2,72,20,13.87
Edd,ER,2019-10-22 17:46:01,13.93,41.69,90.64,29,70,10.4
Northam,AU,2019-10-22 17:46:01,-31.65,116.67,57.2,93,40,5.82
Tual,ID,2019-10-22 17:46:01,-5.67,132.75,77.94,79,63,6.6
East Stroudsburg,US,2019-10-22 17:42:03,41.0,-75.18,60.8,100,90,5.82
Newport,GB,2019-10-22 17:46:01,51.59,-3.0,55.0,76,2,4.7
Quilmana,PE,2019-10-22 17:46:02,-12.95,-76.38,62.46,81,90,7.14
Nayoro,JP,2019-10-22 17:46:02,44.36,142.46,41.72,95,46,1.68
Zhezkazgan,KZ,2019-10-22 17:46:02,47.8,67.71,32.11,37,0,5.3
Port Hawkesbury,CA,2019-10-22 17:46:02,45.62,-61.36,57.0,58,1,8.05
Carlisle,GB,2019-10-22 17:46:04,54.89,-2.94,53.01,93,87,19.46
Kahului,US,2019-10-22 17:46:04,20.89,-156.47,78.8,73,1,10.29
Noumea,NC,2019-10-22 17:44:41,-22.28,166.46,73.99,77,40,3.36
Posadas,PY,2019-10-22 17:46:04,-27.37,-55.89,75.2,49,40,5.82
Ossora,RU,2019-10-22 17:46:04,59.24,163.07,25.57,64,0,9.95
Puerto Narino,CO,2019-10-22 17:46:04,-3.77,-70.38,87.8,74,75,3.36
Brae,GB,2019-10-22 17:46:04,60.4,-1.35,53.6,93,100,11.41
Sitka,US,2019-10-22 17:46:06,37.17,-99.65,62.01,27,0,8.99
Codrington,AU,2019-10-22 17:46:06,-28.95,153.24,57.0,93,0,2.24
Dinghai,CN,2019-10-22 17:46:06,26.28,119.79,69.8,68,40,6.71
Saldanha,PT,2019-10-22 17:46:06,41.42,-6.55,51.53,58,41,5.91
Monte Alegre,BR,2019-10-22 17:46:06,-6.07,-35.33,86.0,66,40,16.11
Provideniya,RU,2019-10-22 17:46:07,64.42,-173.23,24.08,95,97,8.68
Deputatskiy,RU,2019-10-22 17:46:07,69.3,139.9,10.96,79,100,1.88
Touros,BR,2019-10-22 17:46:07,-5.2,-35.46,86.0,55,40,16.11
Cabo San Lucas,MX,2019-10-22 17:42:39,22.89,-109.91,84.99,74,5,4.7
Dzerzhinskoye,RU,2019-10-22 17:46:07,56.84,95.22,24.51,76,100,3.71
Kortkeros,RU,2019-10-22 17:46:08,61.81,51.56,30.2,100,75,4.47
Port Hardy,CA,2019-10-22 17:46:08,50.7,-127.42,50.0,81,40,1.59
Palmer,AU,2019-10-22 17:46:08,-34.85,139.16,69.01,58,0,7.54
Bulawayo,ZW,2019-10-22 17:46:08,-20.16,28.59,72.05,63,65,17.05
Acs,HU,2019-10-22 17:46:08,47.71,18.01,66.0,93,20,1.25
Ancud,CL,2019-10-22 17:46:09,-41.87,-73.83,53.6,62,75,14.99
Karratha,AU,2019-10-22 17:46:09,-20.74,116.85,81.61,58,22,13.65
Inta,RU,2019-10-22 17:46:09,66.04,60.13,20.48,95,99,13.62
Carballo,ES,2019-10-22 17:46:09,43.21,-8.69,61.0,72,20,8.05
Paso de Carrasco,UY,2019-10-22 17:46:09,-34.86,-56.05,66.2,34,4,18.34
Rio Grande,BR,2019-10-22 17:42:12,-32.03,-52.1,71.6,56,40,5.82
Berlevag,NO,2019-10-22 17:46:10,70.86,29.09,33.8,97,75,19.46
Dalbandin,PK,2019-10-22 17:46:10,28.9,64.41,66.7,23,15,2.3
Misratah,LY,2019-10-22 17:46:10,32.38,15.09,74.46,70,0,16.06
Kadipur,IN,2019-10-22 17:46:10,26.16,82.38,72.09,48,42,2.06
Hithadhoo,MV,2019-10-22 17:46:10,-0.6,73.08,81.7,79,100,12.17
Husavik,CA,2019-10-22 17:46:11,50.56,-96.99,39.0,95,100,15.99
Sivas,TR,2019-10-22 17:46:11,39.75,37.01,46.4,87,75,9.17
Xianyang,CN,2019-10-22 17:46:11,34.31,108.72,50.0,100,90,3.76
Dengzhou,CN,2019-10-22 17:46:11,32.69,112.08,60.44,79,100,3.4
Galateni,RO,2019-10-22 17:46:11,44.22,25.35,55.4,93,0,1.12
Egvekinot,RU,2019-10-22 17:46:12,66.32,-179.17,15.55,87,100,11.9
Tecoanapa,MX,2019-10-22 17:46:12,16.99,-99.26,87.8,66,20,3.36
Ahuimanu,US,2019-10-22 17:46:12,21.44,-157.84,80.6,69,40,11.41
Bundaberg,AU,2019-10-22 17:46:12,-24.87,152.35,61.0,87,40,6.93
Kapit,MY,2019-10-22 17:46:12,2.02,112.94,73.11,99,100,1.95
Anadyr,RU,2019-10-22 17:46:13,64.73,177.51,14.0,85,75,4.47
La Rioja,AR,2019-10-22 17:46:13,-29.41,-66.86,65.48,43,87,11.14
Brooks,CA,2019-10-22 17:46:13,50.57,-111.89,41.0,77,99,12.66
Saint-Augustin,CA,2019-10-22 17:46:13,45.63,-73.98,62.6,58,90,11.41
Nueva Loja,EC,2019-10-22 17:46:13,0.08,-76.88,87.8,66,40,4.7
North Bend,US,2019-10-22 17:46:14,43.41,-124.22,60.01,100,90,4.7
Paracuru,BR,2019-10-22 17:46:14,-3.41,-39.03,87.8,55,20,13.87
Hammerfest,NO,2019-10-22 17:46:14,70.66,23.68,33.8,92,90,26.4
Adre,TD,2019-10-22 17:46:14,13.47,22.2,82.9,48,63,7.23
Ouro Fino,BR,2019-10-22 17:46:15,-22.28,-46.37,77.0,50,40,6.62
Grinnell,US,2019-10-22 17:46:15,41.74,-92.72,51.8,66,75,27.51
San Ignacio,PE,2019-10-22 17:46:15,-5.15,-79.0,83.75,48,25,2.95
Lopatino,RU,2019-10-22 17:46:15,53.85,39.47,41.0,81,11,4.79
Cayenne,GF,2019-10-22 17:46:16,4.94,-52.33,89.6,55,20,9.17
Ust-Nera,RU,2019-10-22 17:46:16,64.57,143.24,-6.02,100,24,1.54
Parrita,CR,2019-10-22 17:46:16,9.52,-84.33,78.01,69,20,9.17
Zhanaozen,KZ,2019-10-22 17:46:16,43.35,52.85,54.19,42,0,9.78
Inhambane,MZ,2019-10-22 17:46:17,-23.87,35.38,73.4,88,75,6.93
College,US,2019-10-22 17:42:33,64.86,-147.8,28.4,74,75,2.24
Faanui,PF,2019-10-22 17:46:17,-16.48,-151.75,79.66,72,1,5.08
Kissidougou,GN,2019-10-22 17:46:17,9.19,-10.1,74.46,93,97,3.11
Xacmaz,AZ,2019-10-22 17:46:17,41.46,48.81,61.11,70,54,9.84
Kargat,RU,2019-10-22 17:46:18,55.19,80.28,26.64,73,90,15.3
Bethel,US,2019-10-22 17:46:18,60.79,-161.76,33.8,84,40,8.05
Kudahuvadhoo,MV,2019-10-22 17:46:18,2.67,72.89,82.47,76,97,10.65
Kaya,NG,2019-10-22 17:46:18,13.31,12.68,93.42,11,5,7.07
Berezniki,RU,2019-10-22 17:46:19,59.41,56.8,28.0,92,99,3.0
Wrexham,GB,2019-10-22 17:46:19,53.05,-2.99,52.0,71,40,8.05
Ribeira Grande,PT,2019-10-22 17:46:19,38.52,-28.7,69.8,73,75,11.41
Poum,MK,2019-10-22 17:46:19,41.28,20.71,59.0,67,0,3.36
Vrangel,RU,2019-10-22 17:46:19,42.73,133.08,53.71,64,2,4.25
Pierre,US,2019-10-22 17:42:26,44.37,-100.35,46.4,47,1,9.17
Khoni,GE,2019-10-22 17:46:20,42.32,42.42,60.8,100,75,2.24
Madang,CN,2019-10-22 17:46:20,35.32,102.79,43.9,59,85,3.87
Narsaq,GL,2019-10-22 17:46:20,60.91,-46.05,37.4,64,75,1.99
Saint-Georges,CA,2019-10-22 17:45:52,46.12,-70.67,57.99,56,100,1.99
Davila,PH,2019-10-22 17:46:20,18.47,120.58,79.45,80,35,8.77
Fort Nelson,CA,2019-10-22 17:46:21,58.81,-122.69,32.0,95,90,8.05
Morant Bay,JM,2019-10-22 17:46:21,17.88,-76.41,87.8,58,20,4.7
Tuatapere,NZ,2019-10-22 17:46:21,-46.13,167.69,43.0,81,75,11.01
Hebi,CN,2019-10-22 17:46:21,35.75,114.29,63.95,60,100,7.43
Torbay,CA,2019-10-22 17:46:21,47.66,-52.73,45.0,81,90,16.11
Nueve de Julio,AR,2019-10-22 17:46:22,-31.67,-68.39,73.69,22,39,13.44
Muhos,FI,2019-10-22 17:46:23,64.81,26.0,44.6,81,75,18.34
Sompeta,IN,2019-10-22 17:46:23,18.93,84.6,73.35,85,97,2.39
Andros Town,BS,2019-10-22 17:46:23,24.73,-77.79,87.8,62,20,5.82
Salinopolis,BR,2019-10-22 17:46:24,-0.61,-47.36,81.23,79,92,16.55
Kutum,SD,2019-10-22 17:46:24,14.2,24.66,82.58,31,14,7.07
Lavrentiya,RU,2019-10-22 17:46:24,65.58,-170.99,31.08,81,100,14.61
Amasya,TR,2019-10-22 17:46:25,40.65,35.83,60.8,67,40,12.75
Prievidza,SK,2019-10-22 17:46:25,48.77,18.62,61.0,82,31,1.12
Kavaratti,IN,2019-10-22 17:46:26,10.57,72.64,80.47,82,100,8.01
Conde,BR,2019-10-22 17:46:26,-11.81,-37.61,77.95,79,61,15.17
Nema,RU,2019-10-22 17:46:26,57.51,50.5,31.69,86,99,3.78
Sao Joao da Barra,BR,2019-10-22 17:46:26,-21.64,-41.05,75.2,73,90,6.93
Nabire,ID,2019-10-22 17:46:26,-3.36,135.5,72.27,95,100,1.48
La Ronge,CA,2019-10-22 17:46:27,55.1,-105.3,37.4,52,20,2.24
Zaozerne,UA,2019-10-22 17:46:27,51.37,23.94,57.76,79,85,3.18
Ilhabela,BR,2019-10-22 17:45:19,-23.78,-45.36,71.82,80,100,13.33
Kavieng,PG,2019-10-22 17:46:27,-2.57,150.8,81.01,83,94,16.8
Kurmanayevka,RU,2019-10-22 17:46:28,52.51,52.07,44.82,95,97,4.9
Zhengjiatun,CN,2019-10-22 17:46:28,43.51,123.51,47.93,60,0,2.33
Kirando,TZ,2019-10-22 17:46:28,-7.37,30.62,78.84,73,69,8.25
Thinadhoo,MV,2019-10-22 17:46:28,0.53,72.93,81.5,79,87,12.93
Galveston,US,2019-10-22 17:46:28,40.58,-86.19,55.4,54,90,18.34
Ambon,FR,2019-10-22 17:46:29,47.55,-2.56,57.2,76,38,4.7
Port-Gentil,GA,2019-10-22 17:46:29,-0.72,8.78,82.4,78,75,11.41
Madina,GH,2019-10-22 17:46:29,5.69,-0.17,82.4,74,20,14.99
Arman,RU,2019-10-22 17:46:29,59.7,150.17,33.4,63,98,17.52
Pecos,US,2019-10-22 17:46:29,31.42,-103.49,70.0,14,1,2.04
General Pico,AR,2019-10-22 17:46:30,-35.66,-63.75,74.79,18,0,12.3
Senador Jose Porfirio,BR,2019-10-22 17:46:30,-2.59,-51.95,89.42,54,28,1.95
Severo-Kurilsk,RU,2019-10-22 17:46:30,50.68,156.12,39.72,97,89,8.46
Jingdezhen,CN,2019-10-22 17:46:30,29.29,117.2,64.22,57,100,4.52
Port Shepstone,ZA,2019-10-22 17:46:30,-30.74,30.45,56.93,93,100,9.95
Duluth,US,2019-10-22 17:41:45,46.77,-92.13,45.0,81,90,16.11
Luderitz,NA,2019-10-22 17:46:31,-26.65,15.16,60.8,72,0,19.46
Puerto Baquerizo Moreno,EC,2019-10-22 17:46:31,-0.9,-89.6,75.2,78,75,14.99
Liuhe,CN,2019-10-22 17:46:31,42.28,125.73,47.91,73,0,1.79
Rocha,UY,2019-10-22 17:44:26,-34.48,-54.34,66.24,58,33,14.32
Port Blair,IN,2019-10-22 17:46:31,11.67,92.75,83.16,77,54,7.27
Beringovskiy,RU,2019-10-22 17:46:32,63.05,179.32,25.02,88,46,26.26
Sept-Iles,CA,2019-10-22 17:46:32,50.2,-66.38,44.01,81,75,11.41
Luebo,CD,2019-10-22 17:46:32,-5.35,21.42,72.68,84,60,0.89
Oranjestad,AW,2019-10-22 17:43:36,12.52,-70.03,84.2,74,20,13.87
Banjar,ID,2019-10-22 17:46:32,-7.37,108.54,71.22,92,68,1.41
Qaqortoq,GL,2019-10-22 17:46:33,60.72,-46.03,37.4,64,75,16.49
Pangnirtung,CA,2019-10-22 17:46:33,66.15,-65.72,28.4,79,75,1.99
Miyako,JP,2019-10-22 17:46:33,33.63,130.94,68.0,88,97,4.7
Varhaug,NO,2019-10-22 17:46:33,58.61,5.65,52.0,87,75,10.29
Caravelas,BR,2019-10-22 17:46:33,-17.73,-39.27,88.57,54,100,10.65
Iqaluit,CA,2019-10-22 17:46:34,63.75,-68.52,32.0,83,75,3.36
Menongue,AO,2019-10-22 17:46:34,-14.66,17.68,78.84,21,93,2.75
Dunedin,NZ,2019-10-22 17:46:34,-45.87,170.5,42.01,74,82,21.99
Maragogi,BR,2019-10-22 17:46:34,-9.01,-35.22,78.08,76,26,17.09
Heinola,FI,2019-10-22 17:46:34,61.2,26.03,48.2,76,75,16.11
Pringsewu,ID,2019-10-22 17:46:34,-5.36,104.98,70.7,98,71,3.31
Yangcun,CN,2019-10-22 17:46:35,29.98,118.17,57.96,77,100,3.87
Puerto Ayacucho,CO,2019-10-22 17:46:35,5.66,-67.63,89.6,59,20,6.93
Haines Junction,CA,2019-10-22 17:46:35,60.75,-137.51,19.76,94,99,4.16
Lev Tolstoy,RU,2019-10-22 17:46:35,53.21,39.45,50.0,93,99,2.28
Fonte Boa,BR,2019-10-22 17:46:35,-2.51,-66.09,83.41,86,50,2.55
Halifax,CA,2019-10-22 17:46:36,44.65,-63.58,60.01,66,75,11.41
Saint Pete Beach,US,2019-10-22 17:46:36,27.73,-82.74,91.0,74,40,10.29
Marawi,PH,2019-10-22 17:46:36,8.0,124.29,77.0,87,94,5.01
Duldurga,RU,2019-10-22 17:46:36,50.67,113.59,26.56,51,100,4.09
Marienburg,DE,2019-10-22 17:46:37,52.12,9.98,55.4,76,75,3.36
Aitape,PG,2019-10-22 17:46:38,-3.15,142.36,82.45,73,100,5.08
Ketchikan,US,2019-10-22 17:46:38,55.34,-131.65,44.6,93,75,5.82
Krasnokamensk,RU,2019-10-22 17:46:38,50.1,118.04,28.27,48,100,1.95
Serenje,ZM,2019-10-22 17:46:38,-13.23,30.22,76.1,29,94,3.85
Srednekolymsk,RU,2019-10-22 17:46:38,67.46,153.71,5.95,84,99,3.62
Vila Franca do Campo,PT,2019-10-22 17:46:38,37.72,-25.43,69.8,60,20,6.93
Te Anau,NZ,2019-10-22 17:46:39,-45.41,167.72,34.43,79,37,2.8
Muravlenko,RU,2019-10-22 17:46:39,63.79,74.5,30.56,96,100,24.09
Pavlohrad,UA,2019-10-22 17:46:39,48.53,35.87,50.0,100,75,2.24
Peterhead,AU,2019-10-22 17:46:39,-34.83,138.5,69.01,58,0,7.43
Bathsheba,BB,2019-10-22 17:46:39,13.22,-59.52,87.8,58,40,13.87
Galesburg,US,2019-10-22 17:46:40,40.95,-90.37,54.0,57,75,16.11
Nampa,US,2019-10-22 17:46:40,43.57,-116.56,54.0,87,75,3.8
Fare,PF,2019-10-22 17:46:40,-16.7,-151.02,79.75,72,1,4.74
Hualmay,PE,2019-10-22 17:46:40,-11.1,-77.61,70.32,56,6,10.6
Torrevieja,ES,2019-10-22 17:42:54,37.98,-0.68,57.2,93,100,6.93
Taoudenni,ML,2019-10-22 17:46:41,22.68,-3.98,96.17,16,7,16.98
Oranjemund,ZA,2019-10-22 17:46:41,-28.55,16.43,57.31,83,0,9.04
Talara,PE,2019-10-22 17:46:41,-4.58,-81.27,62.6,100,42,13.87
Mednogorsk,RU,2019-10-22 17:46:41,51.41,57.59,39.25,88,100,8.28
Bandarbeyla,SO,2019-10-22 17:46:41,9.49,50.81,80.76,80,90,16.75
Kodiak,US,2019-10-22 17:46:42,39.95,-94.76,55.0,43,1,26.4
Meadow Lake,CA,2019-10-22 17:46:42,54.13,-108.44,37.4,59,75,11.41
Marana,US,2019-10-22 17:46:42,32.44,-111.22,80.01,12,1,5.82
Auki,NG,2019-10-22 17:46:42,12.18,6.51,85.08,42,4,3.65
Tautira,PF,2019-10-22 17:46:42,-17.73,-149.15,80.01,74,0,4.0
Sinnamary,GF,2019-10-22 17:46:42,5.38,-52.96,82.17,77,8,12.24
Provost,CA,2019-10-22 17:46:43,52.35,-110.26,41.2,60,81,7.58
Mackay,CA,2019-10-22 17:46:43,53.65,-115.58,32.0,45,75,4.7
Pangkalanbuun,ID,2019-10-22 17:46:43,-2.68,111.62,73.54,91,48,1.12
Vung Tau,VN,2019-10-22 17:45:28,10.35,107.08,79.68,85,85,9.75
Khandyga,RU,2019-10-22 17:46:44,62.65,135.58,7.68,89,0,0.92
Colesberg,ZA,2019-10-22 17:46:44,-30.72,25.1,68.77,13,59,13.51
Smithers,CA,2019-10-22 17:45:01,54.78,-127.17,42.8,56,40,9.17
Igrim,RU,2019-10-22 17:46:44,63.19,64.42,30.85,88,78,11.59
Nizwa,OM,2019-10-22 17:45:35,22.93,57.53,78.51,32,0,6.31
Nsoko,ZA,2019-10-22 17:46:44,-27.07,31.93,64.4,82,98,3.36
Cabedelo,BR,2019-10-22 17:46:47,-6.97,-34.84,84.2,62,75,13.87
Don Benito,ES,2019-10-22 17:46:47,38.95,-5.86,60.01,50,27,1.01
Hambantota,LK,2019-10-22 17:46:47,6.12,81.12,80.11,83,100,15.59
Narrabri,AU,2019-10-22 17:46:47,-30.33,149.78,69.8,35,33,13.87
Sorong,ID,2019-10-22 17:46:48,-0.86,131.25,72.32,98,99,1.39
Rabo de Peixe,PT,2019-10-22 17:46:48,37.8,-25.58,69.8,60,20,6.93
Lazaro Cardenas,MX,2019-10-22 17:46:48,28.39,-105.62,69.8,28,5,1.25
Bilma,NE,2019-10-22 17:46:48,18.69,12.92,87.46,13,0,12.28
Saint-Denis,FR,2019-10-22 17:46:48,48.94,2.36,53.6,93,90,5.82
Kabin Buri,TH,2019-10-22 17:46:50,13.95,101.72,77.0,61,0,3.24
Coquimbo,CL,2019-10-22 17:46:51,-29.95,-71.34,78.01,67,100,12.75
Khash,IR,2019-10-22 17:45:02,28.22,61.21,63.5,24,0,7.23
Tibacuy,CO,2019-10-22 17:46:51,4.35,-74.45,68.0,49,75,11.41
Vila Velha,BR,2019-10-22 17:46:51,-3.71,-38.6,87.8,55,20,13.87
At-Bashi,KG,2019-10-22 17:46:51,41.17,75.81,19.56,65,3,1.07
Daliao,TW,2019-10-22 17:46:51,22.61,120.4,77.0,65,75,3.36
Lloydminster,CA,2019-10-22 17:46:39,53.28,-110.01,30.2,92,90,10.29
Upernavik,GL,2019-10-22 17:46:53,72.79,-56.15,17.82,51,100,7.14
Coihaique,CL,2019-10-22 17:46:53,-45.58,-72.07,57.2,41,21,8.05
Prince Rupert,CA,2019-10-22 17:46:53,54.32,-130.32,50.0,81,75,6.93
Abu Dhabi,AE,2019-10-22 17:44:53,24.47,54.37,86.0,79,0,6.93
Kokstad,ZA,2019-10-22 17:46:54,-30.55,29.42,46.9,91,83,6.55
Lichuan,CN,2019-10-22 17:46:54,30.3,108.94,45.79,95,100,3.58
Manokwari,ID,2019-10-22 17:46:54,-0.87,134.08,74.07,72,61,4.9
Hamilton,CA,2019-10-22 17:44:11,43.26,-79.87,62.01,87,75,12.75
Zyryanka,RU,2019-10-22 17:46:54,65.73,150.89,6.35,87,28,7.92
Faya,SA,2019-10-22 17:46:55,18.39,42.45,66.2,82,3,8.05
Lebanon,US,2019-10-22 17:46:55,40.34,-76.42,62.01,100,90,8.05
Rawson,AR,2019-10-22 17:46:55,-43.3,-65.11,48.45,80,100,21.61
Thompson,CA,2019-10-22 17:46:55,55.74,-97.86,33.8,64,75,12.75
Wadi,CN,2019-10-22 17:46:55,31.9,103.52,37.6,98,100,2.77
Kayes,ML,2019-10-22 17:46:56,14.44,-11.44,99.54,25,100,6.71
Axim,GH,2019-10-22 17:46:56,4.87,-2.24,77.74,84,77,4.99
Viransehir,TR,2019-10-22 17:46:56,37.24,39.76,70.61,45,31,0.81
Adrar,DZ,2019-10-22 17:46:56,27.87,-0.29,95.0,12,2,20.8
Celestun,MX,2019-10-22 17:46:57,20.87,-90.4,83.37,77,24,9.71
Nanortalik,GL,2019-10-22 17:46:57,60.14,-45.24,32.77,99,100,6.04
Dicabisagan,PH,2019-10-22 17:46:57,17.08,122.42,75.61,86,44,4.27
Miandrivazo,MG,2019-10-22 17:46:57,-19.53,45.46,83.73,45,43,4.72
Isangel,VU,2019-10-22 17:46:57,-19.55,169.27,71.71,85,99,12.68
Sattahip,TH,2019-10-22 17:46:57,12.67,100.9,87.01,83,20,6.26
Pitimbu,BR,2019-10-22 17:46:58,-7.47,-34.81,84.2,62,75,13.87
Lerwick,GB,2019-10-22 17:46:58,60.15,-1.15,53.6,93,75,19.46
Bac Ninh,VN,2019-10-22 17:46:58,21.18,106.05,80.6,83,75,10.29
Primorsk,RU,2019-10-22 17:46:58,60.37,28.62,48.99,81,100,28.01
Petropavlovsk-Kamchatskiy,RU,2019-10-22 17:46:59,53.05,158.65,32.0,74,75,6.71
Chunoyar,RU,2019-10-22 17:46:59,57.45,97.32,23.38,69,100,5.41
Wladyslawowo,PL,2019-10-22 17:47:00,54.79,18.4,57.0,81,20,8.05
Helong,CN,2019-10-22 17:47:00,25.94,116.13,65.28,45,51,1.39
Hokitika,NZ,2019-10-22 17:47:00,-42.72,170.96,45.93,63,77,10.25
Okakarara,NA,2019-10-22 17:47:01,-20.59,17.46,82.58,10,0,17.2
Concarneau,FR,2019-10-22 17:47:01,47.88,-3.92,57.2,71,26,3.87
Chinteni,RO,2019-10-22 17:47:01,46.86,23.54,61.0,62,0,2.24
Rosetta,EG,2019-10-22 17:47:01,31.4,30.42,77.0,65,40,9.17
Sibut,CF,2019-10-22 17:47:01,5.73,19.09,72.57,95,68,2.26
Meulaboh,ID,2019-10-22 17:47:01,4.14,96.13,80.42,80,100,4.41
Agadez,NE,2019-10-22 17:47:02,16.97,7.99,96.8,14,79,21.92
Constitucion,MX,2019-10-22 17:47:02,23.99,-104.67,72.0,56,20,2.24
Port Lincoln,AU,2019-10-22 17:47:02,-34.72,135.86,61.02,56,0,8.21
Wanning,AT,2019-10-22 17:47:02,48.64,13.53,55.99,100,90,3.36
Kurunegala,LK,2019-10-22 17:47:03,7.49,80.36,71.11,93,99,3.27
Swan Hill,AU,2019-10-22 17:47:04,-35.34,143.56,54.19,44,34,4.92
Roros,NO,2019-10-22 17:47:04,62.57,11.38,39.2,60,99,10.29
Port-Cartier,CA,2019-10-22 17:47:04,50.03,-66.88,44.01,81,75,11.41
Joshimath,IN,2019-10-22 17:47:04,30.57,79.57,41.56,39,0,6.08
Asyut,EG,2019-10-22 17:47:05,27.18,31.19,75.13,43,0,8.75
Alexandroupoli,GR,2019-10-22 17:47:05,40.85,25.88,64.99,82,0,2.24
Namibe,AO,2019-10-22 17:47:05,-15.19,12.15,75.2,73,20,5.82
Sechura,PE,2019-10-22 17:47:05,-5.56,-80.82,61.54,93,70,16.04
Valle Nacional,MX,2019-10-22 17:47:05,25.06,-104.49,75.7,29,50,8.1
Sarangani,PH,2019-10-22 17:47:06,5.4,125.46,83.82,69,15,5.48
Lang Son,VN,2019-10-22 17:47:06,21.83,106.73,71.65,96,88,3.24
Nicoya,CR,2019-10-22 17:47:06,10.15,-85.45,84.2,70,40,3.36
Lagoa,PT,2019-10-22 17:47:06,37.14,-8.45,62.6,72,20,9.17
Chato,TZ,2019-10-22 17:47:07,-2.64,31.77,75.11,72,74,9.78
Kruisfontein,ZA,2019-10-22 17:47:07,-34.0,24.73,53.31,72,52,19.89
Hauterive,CA,2019-10-22 17:47:07,49.18,-68.27,48.0,87,1,16.11
Harwich,US,2019-10-22 17:47:07,41.69,-70.08,64.4,63,90,8.05
Tromso,NO,2019-10-22 17:47:07,69.65,18.96,35.6,86,75,9.17
Rokytne,UA,2019-10-22 17:47:08,51.27,27.23,57.29,83,60,3.18
Quesnel,CA,2019-10-22 17:46:23,52.98,-122.49,50.0,43,20,14.99
Wenling,CN,2019-10-22 17:47:08,28.38,121.38,71.01,70,100,6.46
Dakar,SN,2019-10-22 17:46:16,14.69,-17.45,84.2,70,0,18.34
Margate,AU,2019-10-22 17:47:08,-43.03,147.26,55.4,66,98,9.17
Cardston,CA,2019-10-22 17:46:26,49.2,-113.32,57.0,66,1,31.09
Nalut,LY,2019-10-22 17:47:08,31.86,10.98,85.06,27,14,11.7
Mocuba,MZ,2019-10-22 17:47:09,-16.84,36.99,80.8,65,18,7.83
Totness,US,2019-10-22 17:47:09,33.74,-80.8,82.99,69,75,10.29
Tarancon,ES,2019-10-22 17:47:09,40.01,-3.01,50.0,93,75,4.7
Bullhead City,US,2019-10-22 17:47:09,35.15,-114.57,81.0,14,5,23.04
Zhigansk,RU,2019-10-22 17:47:09,66.77,123.37,9.99,92,70,3.44
Guerrero Negro,MX,2019-10-22 17:47:09,27.97,-114.04,85.8,13,0,4.45
Kadnikov,RU,2019-10-22 17:47:10,59.5,40.34,40.55,91,100,9.98
Saskatoon,CA,2019-10-22 17:47:10,52.13,-106.66,37.0,74,20,13.87
Lopsmarka,NO,2019-10-22 17:47:11,67.31,14.45,46.4,81,40,28.86
Port Keats,AU,2019-10-22 17:47:11,-14.25,129.55,78.3,84,7,8.52
Nojorid,RO,2019-10-22 17:47:12,47.0,21.89,62.6,72,0,3.36
Aranos,NA,2019-10-22 17:47:12,-24.14,19.11,83.41,8,0,19.55
Adeje,NG,2019-10-22 17:47:12,5.68,5.76,76.46,94,100,3.62
Ekhabi,RU,2019-10-22 17:47:12,53.51,142.97,34.92,77,13,11.97
Katobu,ID,2019-10-22 17:47:12,-4.94,122.53,69.67,96,5,1.9
Mareeba,AU,2019-10-22 17:47:13,-16.99,145.42,71.6,83,75,11.41
Acajutla,SV,2019-10-22 17:42:16,13.59,-89.83,82.4,65,40,4.7
Marsh Harbour,BS,2019-10-22 17:47:13,26.54,-77.06,81.93,72,17,8.21
Tilichiki,RU,2019-10-22 17:47:13,60.47,166.1,7.39,79,0,9.48
Teslic,BA,2019-10-22 17:47:13,44.61,17.86,66.2,77,0,1.12
Bristol,GB,2019-10-22 17:47:13,51.45,-2.6,55.0,76,1,4.7
Podgorica,ME,2019-10-22 17:46:43,42.44,19.26,64.4,68,0,1.12
Tornio,FI,2019-10-22 17:47:14,61.12,27.27,48.2,76,75,16.11
Erzin,TR,2019-10-22 17:47:14,36.95,36.2,71.01,56,38,3.36
Jiamusi,CN,2019-10-22 17:47:14,46.81,130.37,40.1,46,0,4.34
Comodoro Rivadavia,AR,2019-10-22 17:47:14,-45.87,-67.48,62.6,39,20,10.29
Alice Springs,AU,2019-10-22 17:47:14,-23.7,133.88,59.0,15,0,1.12
Tabou,CI,2019-10-22 17:47:15,4.42,-7.36,77.0,93,78,4.34
Susangerd,IR,2019-10-22 17:47:15,31.56,48.19,82.4,30,20,2.24
Okhotsk,RU,2019-10-22 17:47:15,59.36,143.24,28.13,88,100,12.88
Cortez,US,2019-10-22 17:47:15,37.35,-108.58,55.4,26,1,11.41
Ostroleka,PL,2019-10-22 17:47:15,53.09,21.58,55.99,100,41,1.12
Ustye,RU,2019-10-22 17:47:16,58.76,27.79,51.62,83,99,14.32
Lodja,CD,2019-10-22 17:47:16,-3.52,23.6,70.36,88,57,1.77
Barranca,PE,2019-10-22 17:47:16,-10.75,-77.76,62.2,85,99,12.57
Daru,PG,2019-10-22 17:47:16,-9.07,143.21,75.63,90,100,9.86
Tabas,IR,2019-10-22 17:47:17,33.6,56.92,71.6,21,23,4.7
Ixtapa,MX,2019-10-22 17:47:18,20.71,-105.21,84.0,74,75,4.32
Avera,US,2019-10-22 17:47:18,33.19,-82.53,82.4,65,40,16.11
Klyuchi,RU,2019-10-22 17:47:18,52.25,79.17,27.66,68,69,11.34
Mogadishu,SO,2019-10-22 17:47:18,2.04,45.34,81.46,83,33,14.38
Manta,RO,2019-10-22 17:47:19,45.1,24.1,59.09,59,0,1.16
Gambela,ET,2019-10-22 17:47:19,8.25,34.59,72.86,92,43,0.38
Am Timan,TD,2019-10-22 17:47:19,11.04,20.28,75.87,87,82,2.24
Salekhard,RU,2019-10-22 17:47:19,66.54,66.62,20.3,86,83,7.67
Okha,RU,2019-10-22 17:47:19,53.59,142.95,34.92,77,13,11.97
Vostok,RU,2019-10-22 17:47:19,46.45,135.83,34.7,51,0,3.53
Snasa,NO,2019-10-22 17:47:20,64.25,12.38,46.4,65,75,31.09
Muros,ES,2019-10-22 17:47:20,42.77,-9.06,63.0,71,20,8.05
Las Palmas,CO,2019-10-22 17:47:20,9.27,-75.33,83.75,74,87,9.33
San Pedro,AR,2019-10-22 17:45:22,-33.68,-59.66,69.01,46,100,4.0
Clyde River,CA,2019-10-22 17:47:20,70.47,-68.59,24.8,85,40,4.05
Trzebnica,PL,2019-10-22 17:47:21,51.31,17.06,57.99,87,83,1.12
Coruripe,BR,2019-10-22 17:47:21,-10.12,-36.18,78.78,74,0,19.46
Khuzdar,PK,2019-10-22 17:47:21,27.8,66.62,66.56,28,0,5.79
Skelleftea,SE,2019-10-22 17:47:21,64.75,20.95,45.0,65,2,13.87
Bosaso,SO,2019-10-22 17:47:21,11.28,49.18,81.34,62,74,3.4
Takoradi,GH,2019-10-22 17:47:22,4.89,-1.75,79.05,84,19,10.8
Larreynaga,NI,2019-10-22 17:47:22,12.68,-86.57,78.8,83,75,4.7
Neuss,DE,2019-10-22 17:47:22,51.2,6.69,55.0,93,20,3.36
Clocolan,ZA,2019-10-22 17:47:22,-28.91,27.57,64.92,18,48,8.52
Flagstaff,US,2019-10-22 17:43:06,35.2,-111.65,72.0,26,1,13.87
Bilibino,RU,2019-10-22 17:47:23,68.06,166.44,-7.93,100,48,0.96
Tanout,NE,2019-10-22 17:47:23,14.97,8.88,94.59,12,58,12.57
Colorado,BR,2019-10-22 17:47:23,-22.84,-51.97,84.99,40,18,3.0
Monrovia,LR,2019-10-22 17:47:23,6.33,-10.8,86.0,74,75,10.76
